file_a,file_b,asset_a,asset_b,n_fp,verify_rows,holdout_match
47.csv,37.csv,21,23,0,0,
4.csv,60.csv,34,53,0,0,
91.csv,85.csv,42,14,0,0,
85.csv,75.csv,14,44,0,0,
85.csv,79.csv,14,16,0,0,
76.csv,70.csv,53,23,0,0,
76.csv,44.csv,53,44,0,0,
90.csv,4.csv,56,34,0,0,
29.csv,33.csv,13,43,0,0,
89.csv,1.csv,5,53,0,0,
37.csv,65.csv,23,16,0,0,
66.csv,75.csv,12,44,0,0,
85.csv,66.csv,14,12,0,0,
91.csv,63.csv,42,56,0,0,
90.csv,59.csv,56,32,0,0,
50.csv,46.csv,12,16,0,0,
78.csv,49.csv,15,33,0,0,
12.csv,37.csv,2,23,0,0,
41.csv,91.csv,33,42,0,0,
15.csv,12.csv,12,2,0,0,
32.csv,70.csv,42,23,0,0,
47.csv,15.csv,21,12,0,0,
64.csv,75.csv,15,44,0,0,
67.csv,12.csv,35,2,0,0,
63.csv,62.csv,56,21,0,0,
67.csv,4.csv,35,34,0,0,
78.csv,94.csv,15,34,0,0,
93.csv,64.csv,43,15,0,0,
85.csv,41.csv,14,33,0,0,
91.csv,59.csv,42,32,0,0,
