pair,decimals,n_matches
1.csv|16.csv,1,36242
1.csv|16.csv,2,36242
1.csv|16.csv,3,36242
1.csv|16.csv,4,36242
1.csv|16.csv,6,36242
1.csv|20.csv,1,39304
1.csv|20.csv,2,39304
1.csv|20.csv,3,39304
1.csv|20.csv,4,39304
1.csv|20.csv,6,39304
1.csv|35.csv,1,45053
1.csv|35.csv,2,45053
1.csv|35.csv,3,45053
1.csv|35.csv,4,45053
1.csv|35.csv,6,45053
1.csv|60.csv,1,20889
1.csv|60.csv,2,20889
1.csv|60.csv,3,20889
1.csv|60.csv,4,20889
1.csv|60.csv,6,20889
1.csv|76.csv,1,34273
1.csv|76.csv,2,34273
1.csv|76.csv,3,34273
1.csv|76.csv,4,34273
1.csv|76.csv,6,34273
