asset_id,file_a,file_b,n_cols_tested,verify_rows,all_col_match,worst_single_col
53,1.csv,16.csv,226,41617,1.0,1.0
53,1.csv,20.csv,226,42344,1.0,1.0
53,1.csv,35.csv,226,51319,1.0,1.0
53,1.csv,60.csv,226,22066,1.0,1.0
53,1.csv,76.csv,226,39601,1.0,1.0
53,16.csv,20.csv,226,30392,1.0,1.0
53,16.csv,35.csv,226,39367,1.0,1.0
53,16.csv,60.csv,226,10114,1.0,1.0
53,16.csv,76.csv,226,51552,1.0,1.0
53,20.csv,35.csv,226,43640,1.0,1.0
53,20.csv,60.csv,226,33723,1.0,1.0
53,20.csv,76.csv,226,28376,1.0,1.0
53,35.csv,60.csv,226,23362,1.0,1.0
53,35.csv,76.csv,226,37351,1.0,1.0
53,60.csv,76.csv,226,8098,1.0,1.0
34,18.csv,56.csv,226,46971,1.0,1.0
34,18.csv,94.csv,226,15056,1.0,1.0
34,56.csv,94.csv,226,9179,1.0,1.0
32,5.csv,59.csv,226,50635,1.0,1.0
38,6.csv,81.csv,226,51500,1.0,1.0
50,8.csv,55.csv,226,45475,1.0,1.0
55,9.csv,88.csv,226,47290,1.0,1.0
43,11.csv,33.csv,226,48100,1.0,1.0
43,11.csv,61.csv,226,31750,1.0,1.0
43,11.csv,93.csv,226,44805,1.0,1.0
43,33.csv,61.csv,226,39523,1.0,1.0
43,33.csv,93.csv,226,52578,1.0,1.0
43,61.csv,93.csv,226,42818,1.0,1.0
2,12.csv,36.csv,226,48932,1.0,1.0
12,15.csv,50.csv,226,41617,1.0,1.0
12,15.csv,66.csv,226,50911,1.0,1.0
12,50.csv,66.csv,226,44209,1.0,1.0
52,28.csv,39.csv,226,35326,1.0,1.0
52,28.csv,43.csv,226,44601,1.0,1.0
52,28.csv,54.csv,226,38859,1.0,1.0
52,39.csv,43.csv,226,45878,1.0,1.0
52,39.csv,54.csv,226,18267,1.0,1.0
52,43.csv,54.csv,226,27542,1.0,1.0
16,30.csv,65.csv,226,49752,1.0,1.0
16,46.csv,79.csv,226,44320,1.0,1.0
35,31.csv,48.csv,226,40549,1.0,1.0
35,31.csv,67.csv,226,52285,1.0,1.0
35,48.csv,67.csv,226,49753,1.0,1.0
42,32.csv,91.csv,226,53256,1.0,1.0
23,70.csv,80.csv,226,49946,1.0,1.0
33,41.csv,49.csv,226,45184,1.0,1.0
44,44.csv,75.csv,226,42752,1.0,1.0
21,47.csv,62.csv,226,46800,1.0,1.0
56,63.csv,90.csv,226,50018,1.0,1.0
