asset_id,file_a,file_b,shared_raw_timestamps,match_at_raw_timestamps,fitted_delta,match_after_shift
53,1.csv,16.csv,41617,1.0,0 days,1.0
53,1.csv,20.csv,42344,1.0,0 days,1.0
53,1.csv,35.csv,51319,1.0,0 days,1.0
53,1.csv,60.csv,22066,1.0,0 days,1.0
53,1.csv,76.csv,14646,0.0,365 days,1.0
53,16.csv,20.csv,30392,1.0,0 days,1.0
53,16.csv,35.csv,39367,1.0,0 days,1.0
53,16.csv,60.csv,10114,1.0,0 days,1.0
53,16.csv,76.csv,2838,0.0,365 days,1.0
53,20.csv,35.csv,43640,1.0,0 days,1.0
53,20.csv,60.csv,33723,1.0,0 days,1.0
53,20.csv,76.csv,26303,0.0,365 days,1.0
53,35.csv,60.csv,23362,1.0,0 days,1.0
53,35.csv,76.csv,15942,0.0,365 days,1.0
53,60.csv,76.csv,45861,0.0,365 days,1.0
34,4.csv,18.csv,48589,0.0,,
34,4.csv,56.csv,53391,0.0,,
34,4.csv,94.csv,47957,0.0,,
34,18.csv,56.csv,46971,1.0,0 days,1.0
34,18.csv,94.csv,40097,0.0,365 days,1.0
34,56.csv,94.csv,46542,0.0,365 days,1.0
32,5.csv,59.csv,50635,1.0,0 days,1.0
38,6.csv,81.csv,51500,1.0,0 days,1.0
50,8.csv,55.csv,45475,1.0,0 days,1.0
55,9.csv,57.csv,40886,0.0,,
55,9.csv,88.csv,47290,1.0,0 days,1.0
55,57.csv,88.csv,32147,0.0,,
43,11.csv,33.csv,48100,1.0,0 days,1.0
43,11.csv,61.csv,31750,1.0,0 days,1.0
43,11.csv,93.csv,44805,1.0,0 days,1.0
43,33.csv,61.csv,39523,1.0,0 days,1.0
43,33.csv,93.csv,52578,1.0,0 days,1.0
43,61.csv,93.csv,42818,1.0,0 days,1.0
2,12.csv,36.csv,48932,1.0,0 days,1.0
12,15.csv,50.csv,16273,0.0,-365 days,1.0
12,15.csv,66.csv,50911,1.0,0 days,1.0
12,50.csv,66.csv,12751,0.0,365 days,1.0
52,28.csv,39.csv,35326,1.0,0 days,1.0
52,28.csv,43.csv,44601,1.0,0 days,1.0
52,28.csv,54.csv,38859,1.0,0 days,1.0
52,39.csv,43.csv,45878,1.0,0 days,1.0
52,39.csv,54.csv,18267,1.0,0 days,1.0
52,43.csv,54.csv,27542,1.0,0 days,1.0
16,30.csv,46.csv,23782,0.0,,
16,30.csv,65.csv,49752,1.0,0 days,1.0
16,30.csv,79.csv,32743,0.0,,
16,46.csv,65.csv,29948,0.0,,
16,46.csv,79.csv,44320,1.0,0 days,1.0
16,65.csv,79.csv,38909,0.0,,
35,31.csv,48.csv,40549,1.0,0 days,1.0
35,31.csv,58.csv,15801,0.0,,
35,31.csv,67.csv,52285,1.0,0 days,1.0
35,48.csv,58.csv,30549,0.0,,
35,48.csv,67.csv,49753,1.0,0 days,1.0
35,58.csv,67.csv,25005,0.0,,
42,32.csv,91.csv,53256,1.0,0 days,1.0
23,37.csv,70.csv,18025,0.0,,
23,37.csv,80.csv,22992,0.0,,
23,70.csv,80.csv,49946,1.0,0 days,1.0
33,41.csv,49.csv,45184,1.0,0 days,1.0
44,44.csv,75.csv,42752,1.0,0 days,1.0
21,47.csv,62.csv,46800,1.0,0 days,1.0
56,63.csv,90.csv,50018,1.0,0 days,1.0
15,64.csv,78.csv,45301,0.0,,
